<?xml version="1.0" encoding="UTF-8"?>
<export version="D">
  <design>
    <source>/Users/jay_liu/404APD_demo/Hardware_design/KICAD_project/batt_board/batt_board.sch</source>
    <date>2021 February 16, Tuesday 17:28:31</date>
    <tool>Eeschema (5.1.8-0-10_14)</tool>
    <sheet number="1" name="/" tstamps="/">
      <title_block>
        <title>power_suplly</title>
        <company/>
        <rev>0.1</rev>
        <date>2021-02-14</date>
        <source>batt_board.sch</source>
        <comment number="1" value=""/>
        <comment number="2" value=""/>
        <comment number="3" value=""/>
        <comment number="4" value=""/>
      </title_block>
    </sheet>
  </design>
  <components>
    <comp ref="J5">
      <value>Conn_01x02</value>
      <footprint>Button_Switch_SMD:ESC_Battery_Pale</footprint>
      <datasheet>~</datasheet>
      <libsource lib="Connector_Generic" part="Conn_01x02" description="Generic connector, single row, 01x02, script generated (kicad-library-utils/schlib/autogen/connector/)"/>
      <sheetpath names="/" tstamps="/"/>
      <tstamp>6029F089</tstamp>
    </comp>
    <comp ref="J3">
      <value>Conn_01x02</value>
      <footprint>Button_Switch_SMD:ESC_Battery_Pale</footprint>
      <datasheet>~</datasheet>
      <libsource lib="Connector_Generic" part="Conn_01x02" description="Generic connector, single row, 01x02, script generated (kicad-library-utils/schlib/autogen/connector/)"/>
      <sheetpath names="/" tstamps="/"/>
      <tstamp>6029DEA3</tstamp>
    </comp>
    <comp ref="J2">
      <value>Conn_01x02</value>
      <footprint>Button_Switch_SMD:ESC_Battery_Pale</footprint>
      <datasheet>~</datasheet>
      <libsource lib="Connector_Generic" part="Conn_01x02" description="Generic connector, single row, 01x02, script generated (kicad-library-utils/schlib/autogen/connector/)"/>
      <sheetpath names="/" tstamps="/"/>
      <tstamp>6029CAE8</tstamp>
    </comp>
    <comp ref="C2">
      <value>0.01uF</value>
      <footprint>Capacitor_SMD:C_0603_1608Metric_Pad1.08x0.95mm_HandSolder</footprint>
      <datasheet>~</datasheet>
      <libsource lib="Device" part="C_Small" description="Unpolarized capacitor, small symbol"/>
      <sheetpath names="/" tstamps="/"/>
      <tstamp>602C5B91</tstamp>
    </comp>
    <comp ref="C1">
      <value>10uF</value>
      <footprint>Capacitor_SMD:C_0603_1608Metric_Pad1.08x0.95mm_HandSolder</footprint>
      <datasheet>~</datasheet>
      <libsource lib="Device" part="C_Small" description="Unpolarized capacitor, small symbol"/>
      <sheetpath names="/" tstamps="/"/>
      <tstamp>602C835C</tstamp>
    </comp>
    <comp ref="L1">
      <value>10uH</value>
      <footprint>Resistor_SMD:R_0603_1608Metric_Pad0.98x0.95mm_HandSolder</footprint>
      <datasheet>~</datasheet>
      <libsource lib="Device" part="L_Small" description="Inductor, small symbol"/>
      <sheetpath names="/" tstamps="/"/>
      <tstamp>602CE993</tstamp>
    </comp>
    <comp ref="D6">
      <value>B340A</value>
      <footprint>Diode_SMD:D_SMA_Handsoldering</footprint>
      <datasheet>~</datasheet>
      <libsource lib="Device" part="D_Schottky_ALT" description="Schottky diode, filled shape"/>
      <sheetpath names="/" tstamps="/"/>
      <tstamp>602D10D8</tstamp>
    </comp>
    <comp ref="R6">
      <value>10K</value>
      <footprint>Resistor_SMD:R_0603_1608Metric_Pad0.98x0.95mm_HandSolder</footprint>
      <datasheet>~</datasheet>
      <libsource lib="Device" part="R_Small_US" description="Resistor, small US symbol"/>
      <sheetpath names="/" tstamps="/"/>
      <tstamp>602DE280</tstamp>
    </comp>
    <comp ref="Receiver1">
      <value>Conn_01x04</value>
      <footprint>Connector_PinHeader_2.54mm:PinHeader_1x04_P2.54mm_Vertical</footprint>
      <datasheet>~</datasheet>
      <libsource lib="Connector_Generic" part="Conn_01x04" description="Generic connector, single row, 01x04, script generated (kicad-library-utils/schlib/autogen/connector/)"/>
      <sheetpath names="/" tstamps="/"/>
      <tstamp>602EC460</tstamp>
    </comp>
    <comp ref="D1">
      <value>LED_Small</value>
      <footprint>LED_SMD:LED_0603_1608Metric_Pad1.05x0.95mm_HandSolder</footprint>
      <datasheet>~</datasheet>
      <libsource lib="Device" part="LED_Small" description="Light emitting diode, small symbol"/>
      <sheetpath names="/" tstamps="/"/>
      <tstamp>60312115</tstamp>
    </comp>
    <comp ref="D2">
      <value>LED_Small</value>
      <footprint>LED_SMD:LED_0603_1608Metric_Pad1.05x0.95mm_HandSolder</footprint>
      <datasheet>~</datasheet>
      <libsource lib="Device" part="LED_Small" description="Light emitting diode, small symbol"/>
      <sheetpath names="/" tstamps="/"/>
      <tstamp>60312E47</tstamp>
    </comp>
    <comp ref="D3">
      <value>LED_Small</value>
      <footprint>LED_SMD:LED_0603_1608Metric_Pad1.05x0.95mm_HandSolder</footprint>
      <datasheet>~</datasheet>
      <libsource lib="Device" part="LED_Small" description="Light emitting diode, small symbol"/>
      <sheetpath names="/" tstamps="/"/>
      <tstamp>603147A7</tstamp>
    </comp>
    <comp ref="D4">
      <value>LED_Small</value>
      <footprint>LED_SMD:LED_0603_1608Metric_Pad1.05x0.95mm_HandSolder</footprint>
      <datasheet>~</datasheet>
      <libsource lib="Device" part="LED_Small" description="Light emitting diode, small symbol"/>
      <sheetpath names="/" tstamps="/"/>
      <tstamp>60316198</tstamp>
    </comp>
    <comp ref="R1">
      <value>10K</value>
      <footprint>Resistor_SMD:R_0603_1608Metric_Pad0.98x0.95mm_HandSolder</footprint>
      <datasheet>~</datasheet>
      <libsource lib="Device" part="R_Small_US" description="Resistor, small US symbol"/>
      <sheetpath names="/" tstamps="/"/>
      <tstamp>6031E83A</tstamp>
    </comp>
    <comp ref="R2">
      <value>10K</value>
      <footprint>Resistor_SMD:R_0603_1608Metric_Pad0.98x0.95mm_HandSolder</footprint>
      <datasheet>~</datasheet>
      <libsource lib="Device" part="R_Small_US" description="Resistor, small US symbol"/>
      <sheetpath names="/" tstamps="/"/>
      <tstamp>6032037D</tstamp>
    </comp>
    <comp ref="R3">
      <value>10K</value>
      <footprint>Resistor_SMD:R_0603_1608Metric_Pad0.98x0.95mm_HandSolder</footprint>
      <datasheet>~</datasheet>
      <libsource lib="Device" part="R_Small_US" description="Resistor, small US symbol"/>
      <sheetpath names="/" tstamps="/"/>
      <tstamp>60321C84</tstamp>
    </comp>
    <comp ref="R4">
      <value>10K</value>
      <footprint>Resistor_SMD:R_0603_1608Metric_Pad0.98x0.95mm_HandSolder</footprint>
      <datasheet>~</datasheet>
      <libsource lib="Device" part="R_Small_US" description="Resistor, small US symbol"/>
      <sheetpath names="/" tstamps="/"/>
      <tstamp>60323518</tstamp>
    </comp>
    <comp ref="R5">
      <value>4.7K</value>
      <footprint>Resistor_SMD:R_0603_1608Metric_Pad0.98x0.95mm_HandSolder</footprint>
      <datasheet>~</datasheet>
      <libsource lib="Device" part="R_Small_US" description="Resistor, small US symbol"/>
      <sheetpath names="/" tstamps="/"/>
      <tstamp>603397B7</tstamp>
    </comp>
    <comp ref="U2">
      <value>AMS1117-3.3</value>
      <footprint>Package_TO_SOT_SMD:SOT-223-3_TabPin2</footprint>
      <datasheet>http://www.advanced-monolithic.com/pdf/ds1117.pdf</datasheet>
      <libsource lib="Regulator_Linear" part="AMS1117-3.3" description="1A Low Dropout regulator, positive, 3.3V fixed output, SOT-223"/>
      <sheetpath names="/" tstamps="/"/>
      <tstamp>602BED3D</tstamp>
    </comp>
    <comp ref="D7">
      <value>LED_Small</value>
      <footprint>LED_SMD:LED_0603_1608Metric_Pad1.05x0.95mm_HandSolder</footprint>
      <datasheet>~</datasheet>
      <libsource lib="Device" part="LED_Small" description="Light emitting diode, small symbol"/>
      <sheetpath names="/" tstamps="/"/>
      <tstamp>6035B194</tstamp>
    </comp>
    <comp ref="R8">
      <value>4.7K</value>
      <footprint>Resistor_SMD:R_0603_1608Metric_Pad0.98x0.95mm_HandSolder</footprint>
      <datasheet>~</datasheet>
      <libsource lib="Device" part="R_Small_US" description="Resistor, small US symbol"/>
      <sheetpath names="/" tstamps="/"/>
      <tstamp>6035CB6D</tstamp>
    </comp>
    <comp ref="CH1">
      <value>Conn_01x02</value>
      <footprint>Connector_PinSocket_2.54mm:PinSocket_1x02_P2.54mm_Vertical</footprint>
      <datasheet>~</datasheet>
      <libsource lib="Connector_Generic" part="Conn_01x02" description="Generic connector, single row, 01x02, script generated (kicad-library-utils/schlib/autogen/connector/)"/>
      <sheetpath names="/" tstamps="/"/>
      <tstamp>603663BF</tstamp>
    </comp>
    <comp ref="CH2">
      <value>Conn_01x02</value>
      <footprint>Connector_PinSocket_2.54mm:PinSocket_1x02_P2.54mm_Vertical</footprint>
      <datasheet>~</datasheet>
      <libsource lib="Connector_Generic" part="Conn_01x02" description="Generic connector, single row, 01x02, script generated (kicad-library-utils/schlib/autogen/connector/)"/>
      <sheetpath names="/" tstamps="/"/>
      <tstamp>60368A38</tstamp>
    </comp>
    <comp ref="CH3">
      <value>Conn_01x02</value>
      <footprint>Connector_PinSocket_2.54mm:PinSocket_1x02_P2.54mm_Vertical</footprint>
      <datasheet>~</datasheet>
      <libsource lib="Connector_Generic" part="Conn_01x02" description="Generic connector, single row, 01x02, script generated (kicad-library-utils/schlib/autogen/connector/)"/>
      <sheetpath names="/" tstamps="/"/>
      <tstamp>6036A9C8</tstamp>
    </comp>
    <comp ref="CH4">
      <value>Conn_01x02</value>
      <footprint>Connector_PinSocket_2.54mm:PinSocket_1x02_P2.54mm_Vertical</footprint>
      <datasheet>~</datasheet>
      <libsource lib="Connector_Generic" part="Conn_01x02" description="Generic connector, single row, 01x02, script generated (kicad-library-utils/schlib/autogen/connector/)"/>
      <sheetpath names="/" tstamps="/"/>
      <tstamp>6036C9D5</tstamp>
    </comp>
    <comp ref="D5">
      <value>LED_Small</value>
      <footprint>LED_SMD:LED_0603_1608Metric_Pad1.05x0.95mm_HandSolder</footprint>
      <datasheet>~</datasheet>
      <libsource lib="Device" part="LED_Small" description="Light emitting diode, small symbol"/>
      <sheetpath names="/" tstamps="/"/>
      <tstamp>6031A1D5</tstamp>
    </comp>
    <comp ref="conn2upper1">
      <value>Conn_02x05_Counter_Clockwise</value>
      <footprint>Connector_PinSocket_2.54mm:PinSocket_2x05_P2.54mm_Horizontal</footprint>
      <datasheet>~</datasheet>
      <libsource lib="Connector_Generic" part="Conn_02x05_Counter_Clockwise" description="Generic connector, double row, 02x05, counter clockwise pin numbering scheme (similar to DIP packge numbering), script generated (kicad-library-utils/schlib/autogen/connector/)"/>
      <sheetpath names="/" tstamps="/"/>
      <tstamp>603BA7D0</tstamp>
    </comp>
    <comp ref="R9">
      <value>22</value>
      <footprint>Resistor_SMD:R_0603_1608Metric_Pad0.98x0.95mm_HandSolder</footprint>
      <datasheet>~</datasheet>
      <libsource lib="Device" part="R_Small_US" description="Resistor, small US symbol"/>
      <sheetpath names="/" tstamps="/"/>
      <tstamp>60408BAB</tstamp>
    </comp>
    <comp ref="R10">
      <value>22</value>
      <footprint>Resistor_SMD:R_0603_1608Metric_Pad0.98x0.95mm_HandSolder</footprint>
      <datasheet>~</datasheet>
      <libsource lib="Device" part="R_Small_US" description="Resistor, small US symbol"/>
      <sheetpath names="/" tstamps="/"/>
      <tstamp>6040DAE6</tstamp>
    </comp>
    <comp ref="R11">
      <value>22</value>
      <footprint>Resistor_SMD:R_0603_1608Metric_Pad0.98x0.95mm_HandSolder</footprint>
      <datasheet>~</datasheet>
      <libsource lib="Device" part="R_Small_US" description="Resistor, small US symbol"/>
      <sheetpath names="/" tstamps="/"/>
      <tstamp>60410FC3</tstamp>
    </comp>
    <comp ref="R12">
      <value>22</value>
      <footprint>Resistor_SMD:R_0603_1608Metric_Pad0.98x0.95mm_HandSolder</footprint>
      <datasheet>~</datasheet>
      <libsource lib="Device" part="R_Small_US" description="Resistor, small US symbol"/>
      <sheetpath names="/" tstamps="/"/>
      <tstamp>604142BD</tstamp>
    </comp>
    <comp ref="R13">
      <value>22</value>
      <footprint>Resistor_SMD:R_0603_1608Metric_Pad0.98x0.95mm_HandSolder</footprint>
      <datasheet>~</datasheet>
      <libsource lib="Device" part="R_Small_US" description="Resistor, small US symbol"/>
      <sheetpath names="/" tstamps="/"/>
      <tstamp>60417C9B</tstamp>
    </comp>
    <comp ref="C3">
      <value>220uF</value>
      <footprint>Capacitor_SMD:C_0603_1608Metric_Pad1.08x0.95mm_HandSolder</footprint>
      <datasheet>~</datasheet>
      <libsource lib="Device" part="CP1_Small" description="Polarized capacitor, small US symbol"/>
      <sheetpath names="/" tstamps="/"/>
      <tstamp>602D8C2F</tstamp>
    </comp>
    <comp ref="U1">
      <value>TPS5430DDA</value>
      <footprint>Package_SO:TI_SO-PowerPAD-8_ThermalVias</footprint>
      <datasheet>http://www.ti.com/lit/ds/symlink/tps5430.pdf</datasheet>
      <libsource lib="Regulator_Switching" part="TPS5430DDA" description="3A, Step Down Swift Converter, Adjustable Output Voltage, 5.5-36V Input Voltage, PowerSO-8"/>
      <sheetpath names="/" tstamps="/"/>
      <tstamp>6029736E</tstamp>
    </comp>
    <comp ref="J11">
      <value>battery_plug_in</value>
      <footprint>Button_Switch_SMD:ESC_Battery_Pale</footprint>
      <datasheet>~</datasheet>
      <libsource lib="Connector" part="Conn_01x02_Male" description="Generic connector, single row, 01x02, script generated (kicad-library-utils/schlib/autogen/connector/)"/>
      <sheetpath names="/" tstamps="/"/>
      <tstamp>602DD8A6</tstamp>
    </comp>
    <comp ref="R7">
      <value>3.24K</value>
      <footprint>Resistor_SMD:R_0603_1608Metric_Pad0.98x0.95mm_HandSolder</footprint>
      <datasheet>~</datasheet>
      <libsource lib="Device" part="R_Small_US" description="Resistor, small US symbol"/>
      <sheetpath names="/" tstamps="/"/>
      <tstamp>602DF4FA</tstamp>
    </comp>
    <comp ref="H1">
      <value>MountingHole_Pad</value>
      <footprint>MountingHole:MountingHole_3.2mm_M3_ISO7380_Pad_TopBottom</footprint>
      <datasheet>~</datasheet>
      <libsource lib="Mechanical" part="MountingHole_Pad" description="Mounting Hole with connection"/>
      <sheetpath names="/" tstamps="/"/>
      <tstamp>602F725C</tstamp>
    </comp>
    <comp ref="H2">
      <value>MountingHole_Pad</value>
      <footprint>MountingHole:MountingHole_3.2mm_M3_ISO7380_Pad_TopBottom</footprint>
      <datasheet>~</datasheet>
      <libsource lib="Mechanical" part="MountingHole_Pad" description="Mounting Hole with connection"/>
      <sheetpath names="/" tstamps="/"/>
      <tstamp>602F8140</tstamp>
    </comp>
    <comp ref="H3">
      <value>MountingHole_Pad</value>
      <footprint>MountingHole:MountingHole_3.2mm_M3_ISO7380_Pad_TopBottom</footprint>
      <datasheet>~</datasheet>
      <libsource lib="Mechanical" part="MountingHole_Pad" description="Mounting Hole with connection"/>
      <sheetpath names="/" tstamps="/"/>
      <tstamp>602FBB35</tstamp>
    </comp>
    <comp ref="H4">
      <value>MountingHole_Pad</value>
      <footprint>MountingHole:MountingHole_3.2mm_M3_ISO7380_Pad_TopBottom</footprint>
      <datasheet>~</datasheet>
      <libsource lib="Mechanical" part="MountingHole_Pad" description="Mounting Hole with connection"/>
      <sheetpath names="/" tstamps="/"/>
      <tstamp>602FF316</tstamp>
    </comp>
    <comp ref="J4">
      <value>Conn_01x02</value>
      <footprint>Button_Switch_SMD:ESC_Battery_Pale</footprint>
      <datasheet>~</datasheet>
      <libsource lib="Connector_Generic" part="Conn_01x02" description="Generic connector, single row, 01x02, script generated (kicad-library-utils/schlib/autogen/connector/)"/>
      <sheetpath names="/" tstamps="/"/>
      <tstamp>6029E6E7</tstamp>
    </comp>
  </components>
  <libparts>
    <libpart lib="Connector" part="Conn_01x02_Male">
      <description>Generic connector, single row, 01x02, script generated (kicad-library-utils/schlib/autogen/connector/)</description>
      <docs>~</docs>
      <footprints>
        <fp>Connector*:*_1x??_*</fp>
      </footprints>
      <fields>
        <field name="Reference">J</field>
        <field name="Value">Conn_01x02_Male</field>
      </fields>
      <pins>
        <pin num="1" name="Pin_1" type="passive"/>
        <pin num="2" name="Pin_2" type="passive"/>
      </pins>
    </libpart>
    <libpart lib="Connector_Generic" part="Conn_01x02">
      <description>Generic connector, single row, 01x02, script generated (kicad-library-utils/schlib/autogen/connector/)</description>
      <docs>~</docs>
      <footprints>
        <fp>Connector*:*_1x??_*</fp>
      </footprints>
      <fields>
        <field name="Reference">J</field>
        <field name="Value">Conn_01x02</field>
      </fields>
      <pins>
        <pin num="1" name="Pin_1" type="passive"/>
        <pin num="2" name="Pin_2" type="passive"/>
      </pins>
    </libpart>
    <libpart lib="Connector_Generic" part="Conn_01x04">
      <description>Generic connector, single row, 01x04, script generated (kicad-library-utils/schlib/autogen/connector/)</description>
      <docs>~</docs>
      <footprints>
        <fp>Connector*:*_1x??_*</fp>
      </footprints>
      <fields>
        <field name="Reference">J</field>
        <field name="Value">Conn_01x04</field>
      </fields>
      <pins>
        <pin num="1" name="Pin_1" type="passive"/>
        <pin num="2" name="Pin_2" type="passive"/>
        <pin num="3" name="Pin_3" type="passive"/>
        <pin num="4" name="Pin_4" type="passive"/>
      </pins>
    </libpart>
    <libpart lib="Connector_Generic" part="Conn_02x05_Counter_Clockwise">
      <description>Generic connector, double row, 02x05, counter clockwise pin numbering scheme (similar to DIP packge numbering), script generated (kicad-library-utils/schlib/autogen/connector/)</description>
      <docs>~</docs>
      <footprints>
        <fp>Connector*:*_2x??_*</fp>
      </footprints>
      <fields>
        <field name="Reference">J</field>
        <field name="Value">Conn_02x05_Counter_Clockwise</field>
      </fields>
      <pins>
        <pin num="1" name="Pin_1" type="passive"/>
        <pin num="2" name="Pin_2" type="passive"/>
        <pin num="3" name="Pin_3" type="passive"/>
        <pin num="4" name="Pin_4" type="passive"/>
        <pin num="5" name="Pin_5" type="passive"/>
        <pin num="6" name="Pin_6" type="passive"/>
        <pin num="7" name="Pin_7" type="passive"/>
        <pin num="8" name="Pin_8" type="passive"/>
        <pin num="9" name="Pin_9" type="passive"/>
        <pin num="10" name="Pin_10" type="passive"/>
      </pins>
    </libpart>
    <libpart lib="Device" part="CP1_Small">
      <description>Polarized capacitor, small US symbol</description>
      <docs>~</docs>
      <footprints>
        <fp>CP_*</fp>
      </footprints>
      <fields>
        <field name="Reference">C</field>
        <field name="Value">CP1_Small</field>
      </fields>
      <pins>
        <pin num="1" name="~" type="passive"/>
        <pin num="2" name="~" type="passive"/>
      </pins>
    </libpart>
    <libpart lib="Device" part="C_Small">
      <description>Unpolarized capacitor, small symbol</description>
      <docs>~</docs>
      <footprints>
        <fp>C_*</fp>
      </footprints>
      <fields>
        <field name="Reference">C</field>
        <field name="Value">C_Small</field>
      </fields>
      <pins>
        <pin num="1" name="~" type="passive"/>
        <pin num="2" name="~" type="passive"/>
      </pins>
    </libpart>
    <libpart lib="Device" part="D_Schottky_ALT">
      <description>Schottky diode, filled shape</description>
      <docs>~</docs>
      <footprints>
        <fp>TO-???*</fp>
        <fp>*_Diode_*</fp>
        <fp>*SingleDiode*</fp>
        <fp>D_*</fp>
      </footprints>
      <fields>
        <field name="Reference">D</field>
        <field name="Value">D_Schottky_ALT</field>
      </fields>
      <pins>
        <pin num="1" name="K" type="passive"/>
        <pin num="2" name="A" type="passive"/>
      </pins>
    </libpart>
    <libpart lib="Device" part="LED_Small">
      <description>Light emitting diode, small symbol</description>
      <docs>~</docs>
      <footprints>
        <fp>LED*</fp>
        <fp>LED_SMD:*</fp>
        <fp>LED_THT:*</fp>
      </footprints>
      <fields>
        <field name="Reference">D</field>
        <field name="Value">LED_Small</field>
      </fields>
      <pins>
        <pin num="1" name="K" type="passive"/>
        <pin num="2" name="A" type="passive"/>
      </pins>
    </libpart>
    <libpart lib="Device" part="L_Small">
      <description>Inductor, small symbol</description>
      <docs>~</docs>
      <footprints>
        <fp>Choke_*</fp>
        <fp>*Coil*</fp>
        <fp>Inductor_*</fp>
        <fp>L_*</fp>
      </footprints>
      <fields>
        <field name="Reference">L</field>
        <field name="Value">L_Small</field>
      </fields>
      <pins>
        <pin num="1" name="~" type="passive"/>
        <pin num="2" name="~" type="passive"/>
      </pins>
    </libpart>
    <libpart lib="Device" part="R_Small_US">
      <description>Resistor, small US symbol</description>
      <docs>~</docs>
      <footprints>
        <fp>R_*</fp>
      </footprints>
      <fields>
        <field name="Reference">R</field>
        <field name="Value">R_Small_US</field>
      </fields>
      <pins>
        <pin num="1" name="~" type="passive"/>
        <pin num="2" name="~" type="passive"/>
      </pins>
    </libpart>
    <libpart lib="Mechanical" part="MountingHole_Pad">
      <description>Mounting Hole with connection</description>
      <docs>~</docs>
      <footprints>
        <fp>MountingHole*Pad*</fp>
      </footprints>
      <fields>
        <field name="Reference">H</field>
        <field name="Value">MountingHole_Pad</field>
      </fields>
      <pins>
        <pin num="1" name="1" type="input"/>
      </pins>
    </libpart>
    <libpart lib="Regulator_Linear" part="AP1117-15">
      <aliases>
        <alias>AP1117-18</alias>
        <alias>AP1117-25</alias>
        <alias>AP1117-33</alias>
        <alias>AP1117-50</alias>
        <alias>LD1117S33TR_SOT223</alias>
        <alias>LD1117S12TR_SOT223</alias>
        <alias>LD1117S18TR_SOT223</alias>
        <alias>LD1117S25TR_SOT223</alias>
        <alias>LD1117S50TR_SOT223</alias>
        <alias>NCP1117-12_SOT223</alias>
        <alias>NCP1117-1.5_SOT223</alias>
        <alias>NCP1117-1.8_SOT223</alias>
        <alias>NCP1117-2.0_SOT223</alias>
        <alias>NCP1117-2.5_SOT223</alias>
        <alias>NCP1117-2.85_SOT223</alias>
        <alias>NCP1117-3.3_SOT223</alias>
        <alias>NCP1117-5.0_SOT223</alias>
        <alias>AMS1117-1.5</alias>
        <alias>AMS1117-1.8</alias>
        <alias>AMS1117-2.5</alias>
        <alias>AMS1117-2.85</alias>
        <alias>AMS1117-3.3</alias>
        <alias>AMS1117-5.0</alias>
      </aliases>
      <description>1A Low Dropout regulator, positive, 1.5V fixed output, SOT-223</description>
      <docs>http://www.diodes.com/datasheets/AP1117.pdf</docs>
      <footprints>
        <fp>SOT?223*TabPin2*</fp>
      </footprints>
      <fields>
        <field name="Reference">U</field>
        <field name="Value">AP1117-15</field>
        <field name="Footprint">Package_TO_SOT_SMD:SOT-223-3_TabPin2</field>
      </fields>
      <pins>
        <pin num="1" name="GND" type="power_in"/>
        <pin num="2" name="VO" type="power_out"/>
        <pin num="3" name="VI" type="power_in"/>
      </pins>
    </libpart>
    <libpart lib="Regulator_Switching" part="TPS5430DDA">
      <aliases>
        <alias>TPS5431DDA</alias>
      </aliases>
      <description>3A, Step Down Swift Converter, Adjustable Output Voltage, 5.5-36V Input Voltage, PowerSO-8</description>
      <docs>http://www.ti.com/lit/ds/symlink/tps5430.pdf</docs>
      <footprints>
        <fp>TI*SO*PowerPAD*ThermalVias*</fp>
      </footprints>
      <fields>
        <field name="Reference">U</field>
        <field name="Value">TPS5430DDA</field>
        <field name="Footprint">Package_SO:TI_SO-PowerPAD-8_ThermalVias</field>
      </fields>
      <pins>
        <pin num="1" name="BOOT" type="input"/>
        <pin num="2" name="NC" type="NotConnected"/>
        <pin num="3" name="NC" type="NotConnected"/>
        <pin num="4" name="VSENSE" type="input"/>
        <pin num="5" name="EN" type="input"/>
        <pin num="6" name="GND" type="power_in"/>
        <pin num="7" name="VIN" type="power_in"/>
        <pin num="8" name="PH" type="output"/>
        <pin num="9" name="GNDPAD" type="power_in"/>
      </pins>
    </libpart>
  </libparts>
  <libraries>
    <library logical="Connector">
      <uri>/Library/Application Support/kicad/library/Connector.lib</uri>
    </library>
    <library logical="Connector_Generic">
      <uri>/Library/Application Support/kicad/library/Connector_Generic.lib</uri>
    </library>
    <library logical="Device">
      <uri>/Library/Application Support/kicad/library/Device.lib</uri>
    </library>
    <library logical="Mechanical">
      <uri>/Library/Application Support/kicad/library/Mechanical.lib</uri>
    </library>
    <library logical="Regulator_Linear">
      <uri>/Library/Application Support/kicad/library/Regulator_Linear.lib</uri>
    </library>
    <library logical="Regulator_Switching">
      <uri>/Library/Application Support/kicad/library/Regulator_Switching.lib</uri>
    </library>
  </libraries>
  <nets>
    <net code="1" name="Net-(U1-Pad5)">
      <node ref="U1" pin="5"/>
    </net>
    <net code="2" name="Net-(C2-Pad1)">
      <node ref="U1" pin="1"/>
      <node ref="C2" pin="1"/>
    </net>
    <net code="3" name="Net-(C2-Pad2)">
      <node ref="U1" pin="8"/>
      <node ref="D6" pin="1"/>
      <node ref="L1" pin="1"/>
      <node ref="C2" pin="2"/>
    </net>
    <net code="4" name="Net-(Receiver1-Pad4)">
      <node ref="Receiver1" pin="4"/>
    </net>
    <net code="5" name="PMM">
      <node ref="R13" pin="2"/>
      <node ref="Receiver1" pin="3"/>
    </net>
    <net code="6" name="/VCC_IN">
      <node ref="R3" pin="2"/>
      <node ref="J5" pin="2"/>
      <node ref="J3" pin="2"/>
      <node ref="C1" pin="1"/>
      <node ref="J2" pin="2"/>
      <node ref="U1" pin="7"/>
      <node ref="R4" pin="2"/>
      <node ref="R2" pin="2"/>
      <node ref="R1" pin="2"/>
      <node ref="J4" pin="2"/>
      <node ref="J11" pin="1"/>
    </net>
    <net code="7" name="Net-(D1-Pad2)">
      <node ref="R1" pin="1"/>
      <node ref="D1" pin="2"/>
    </net>
    <net code="8" name="Net-(D2-Pad2)">
      <node ref="R2" pin="1"/>
      <node ref="D2" pin="2"/>
    </net>
    <net code="9" name="Net-(D3-Pad2)">
      <node ref="D3" pin="2"/>
      <node ref="R3" pin="1"/>
    </net>
    <net code="10" name="Net-(D4-Pad2)">
      <node ref="D4" pin="2"/>
      <node ref="R4" pin="1"/>
    </net>
    <net code="11" name="Net-(D5-Pad2)">
      <node ref="D5" pin="2"/>
      <node ref="R5" pin="2"/>
    </net>
    <net code="12" name="Net-(D7-Pad2)">
      <node ref="R8" pin="2"/>
      <node ref="D7" pin="2"/>
    </net>
    <net code="13" name="PWM_CH2">
      <node ref="R10" pin="1"/>
      <node ref="CH2" pin="1"/>
    </net>
    <net code="14" name="PWM_CH3">
      <node ref="CH3" pin="1"/>
      <node ref="R11" pin="1"/>
    </net>
    <net code="15" name="PWM_CH4">
      <node ref="R12" pin="1"/>
      <node ref="CH4" pin="1"/>
    </net>
    <net code="16" name="PWM_CH1">
      <node ref="R9" pin="1"/>
      <node ref="CH1" pin="1"/>
    </net>
    <net code="17" name="+3V3">
      <node ref="conn2upper1" pin="1"/>
      <node ref="U2" pin="2"/>
      <node ref="R8" pin="1"/>
    </net>
    <net code="18" name="Net-(conn2upper1-Pad2)">
      <node ref="conn2upper1" pin="2"/>
    </net>
    <net code="19" name="Net-(conn2upper1-Pad4)">
      <node ref="conn2upper1" pin="4"/>
    </net>
    <net code="20" name="Net-(R13-Pad1)">
      <node ref="R13" pin="1"/>
      <node ref="conn2upper1" pin="5"/>
    </net>
    <net code="21" name="Net-(R11-Pad2)">
      <node ref="R11" pin="2"/>
      <node ref="conn2upper1" pin="7"/>
    </net>
    <net code="22" name="Net-(R9-Pad2)">
      <node ref="conn2upper1" pin="9"/>
      <node ref="R9" pin="2"/>
    </net>
    <net code="23" name="Net-(R10-Pad2)">
      <node ref="R10" pin="2"/>
      <node ref="conn2upper1" pin="8"/>
    </net>
    <net code="24" name="Net-(R12-Pad2)">
      <node ref="R12" pin="2"/>
      <node ref="conn2upper1" pin="6"/>
    </net>
    <net code="25" name="+5V">
      <node ref="Receiver1" pin="1"/>
      <node ref="R6" pin="1"/>
      <node ref="C3" pin="1"/>
      <node ref="conn2upper1" pin="3"/>
      <node ref="U2" pin="3"/>
      <node ref="R5" pin="1"/>
      <node ref="L1" pin="2"/>
    </net>
    <net code="26" name="Net-(U1-Pad2)">
      <node ref="U1" pin="2"/>
    </net>
    <net code="27" name="Net-(U1-Pad3)">
      <node ref="U1" pin="3"/>
    </net>
    <net code="28" name="Net-(R6-Pad2)">
      <node ref="U1" pin="4"/>
      <node ref="R6" pin="2"/>
      <node ref="R7" pin="1"/>
    </net>
    <net code="29" name="GND">
      <node ref="conn2upper1" pin="10"/>
      <node ref="J5" pin="1"/>
      <node ref="CH4" pin="2"/>
      <node ref="CH3" pin="2"/>
      <node ref="CH2" pin="2"/>
      <node ref="C3" pin="2"/>
      <node ref="CH1" pin="2"/>
      <node ref="D7" pin="1"/>
      <node ref="U2" pin="1"/>
      <node ref="U1" pin="6"/>
      <node ref="U1" pin="9"/>
      <node ref="D4" pin="1"/>
      <node ref="D3" pin="1"/>
      <node ref="D2" pin="1"/>
      <node ref="D1" pin="1"/>
      <node ref="J11" pin="2"/>
      <node ref="Receiver1" pin="2"/>
      <node ref="R7" pin="2"/>
      <node ref="H1" pin="1"/>
      <node ref="H2" pin="1"/>
      <node ref="H3" pin="1"/>
      <node ref="H4" pin="1"/>
      <node ref="J4" pin="1"/>
      <node ref="D6" pin="2"/>
      <node ref="C1" pin="2"/>
      <node ref="J2" pin="1"/>
      <node ref="J3" pin="1"/>
      <node ref="D5" pin="1"/>
    </net>
  </nets>
</export>
